,y,x,street_count,highway,ref
26034526,-37.8143982,144.9547093,4,,
26034533,-37.8139532,144.9603165,4,traffic_signals,
26034534,-37.814661,144.9578571,4,traffic_signals,
26034544,-37.8166411,144.9587215,4,,
26034576,-37.8056297,144.9507334,4,,
26034577,-37.8065107,144.9512027,3,,
26034627,-37.8072469,144.9534385,4,,
26034662,-37.8098683,144.9666843,4,traffic_signals,
26034663,-37.8091519,144.9691444,4,traffic_signals,
26034664,-37.8084183,144.9716133,4,,
26034668,-37.8093421,144.9720466,4,,
26034669,-37.8108078,144.9671114,4,,
26034670,-37.8100739,144.9695718,4,,
26034671,-37.8103791,144.9725428,3,,
26034672,-37.811118,144.970076,4,traffic_signals,
26034673,-37.8118486,144.9675849,4,traffic_signals,
26051948,-37.8150464,144.9718458,4,traffic_signals,
26051949,-37.815766,144.9693868,4,,
26051950,-37.8130912,144.9709361,4,traffic_signals,
26051952,-37.8138092,144.968476,4,traffic_signals,
30220444,-37.8072513,144.9689086,4,,
30287324,-37.8070773,144.9672788,4,,
30287325,-37.8070938,144.9674392,4,,
30287404,-37.8073976,144.9672704,3,,
30287464,-37.8057435,144.9772178,4,traffic_signals,
30287465,-37.8081175,144.9768623,4,,
30467855,-37.808357,144.9553745,3,,
30467863,-37.8085474,144.955341,3,,
30942256,-37.8054874,144.9429733,4,,
30942258,-37.807157,144.9469857,4,,
30942260,-37.8078164,144.9479028,4,,
30942261,-37.8084721,144.9485629,4,,
30942262,-37.8092635,144.9492642,4,,
30942265,-37.8111115,144.9504044,4,,
30942766,-37.8050909,144.9479638,3,,
30942794,-37.8055485,144.9487132,4,,
30942795,-37.8063868,144.9497952,4,,
30942992,-37.8071849,144.95067,4,,
30942993,-37.808163,144.9515365,4,,
30943326,-37.8050106,144.9677953,4,,
30943327,-37.8051695,144.9692462,3,,
30944137,-37.809766,144.9782721,4,,
30945324,-37.8080098,144.9758274,3,,
30945575,-37.8082903,144.9785409,3,,
30945662,-37.8121125,144.9778737,4,,
33085559,-37.8103387,144.9570621,3,,
33085575,-37.810947,144.9573376,2,,
33238452,-37.8238054,144.9624781,4,,
33675553,-37.8089944,144.9580379,3,,
33675555,-37.808901,144.9579007,5,,
33675682,-37.8067516,144.9643373,4,,
34157905,-37.807237,144.9687697,4,,
34160610,-37.8051543,144.9691048,4,,
34633426,-37.8068643,144.954233,3,,
35285653,-37.8077563,144.9546505,3,,
35354279,-37.8081472,144.9538488,4,,
35354783,-37.8079445,144.9519627,3,,
36821291,-37.8237214,144.9625764,4,,
36823184,-37.8179918,144.9503443,4,,
54562179,-37.8209866,144.9761296,3,,
55722470,-37.8076936,144.9580821,3,,
55723357,-37.8087251,144.9579066,2,crossing,
60072264,-37.8211396,144.9552063,4,,
60095429,-37.8232695,144.9783224,4,,
60096189,-37.8183093,144.9786987,4,,
60096193,-37.8164393,144.978935,4,,
60097600,-37.8151327,144.9449192,3,,
60653705,-37.8189307,144.946722,4,,
60653706,-37.817899,144.9502679,4,,
60653707,-37.8178646,144.9505202,4,,
60653714,-37.8190274,144.9467608,4,,
60653715,-37.8190658,144.9466291,4,,
60653725,-37.8128719,144.9429991,4,,
60653733,-37.8127644,144.9428115,4,,
60653735,-37.8127914,144.9432898,4,,
92130447,-37.8126764,144.9430571,4,,
92138348,-37.8201555,144.9484883,3,,
92138359,-37.8185297,144.9484484,4,,
92139159,-37.8184922,144.948613,4,,
92140671,-37.8184062,144.9485331,3,,
92141608,-37.8196438,144.9477922,2,,
92141618,-37.8189026,144.9471781,3,,
103121662,-37.8131606,144.9553958,3,,
107172365,-37.821697,144.9629374,4,,
107172451,-37.8226714,144.9641243,4,,
107172471,-37.8214398,144.9638786,3,,
107172479,-37.8220887,144.9645258,1,,
113536277,-37.8177558,144.9625886,3,,
114607245,-37.8170218,144.9650746,3,,
114607252,-37.8174567,144.965278,1,,
122705649,-37.8217823,144.952213,4,,
122705650,-37.8217203,144.9525307,3,,
122749619,-37.8133669,144.941657,3,,
122749676,-37.8134845,144.9409737,4,,
122749830,-37.8136148,144.9410528,4,,
122751902,-37.813847,144.9423424,3,,
122751905,-37.8141526,144.9427898,1,,
122752041,-37.8137976,144.9420867,3,,
122752286,-37.8141498,144.9413683,3,,
122752289,-37.8144165,144.9406565,3,,
122752291,-37.8147109,144.9400809,3,,
122752442,-37.8138849,144.9403317,3,,
122752579,-37.8141189,144.9397074,5,,
122752679,-37.8140216,144.9396254,4,,
122752887,-37.8151374,144.9403387,1,,
122754189,-37.8138462,144.9432458,1,,
127598515,-37.8061722,144.9447485,4,,
127601472,-37.8057394,144.9439816,3,,
127638234,-37.8085026,144.9455347,3,,
127638260,-37.8090742,144.9462299,4,,
127639607,-37.8110624,144.9455842,3,,
127641620,-37.8105378,144.9451673,3,,
127642432,-37.8101033,144.9448191,3,,
127643363,-37.8095653,144.9443925,3,,
127649149,-37.8066212,144.9427955,3,,
127650543,-37.8058768,144.9483539,3,,
127650566,-37.8055786,144.94506,3,,
127652487,-37.8066009,144.9475857,3,,
130015095,-37.8161056,144.9682411,3,,
130015096,-37.815502,144.9679776,1,,
131102989,-37.814539,144.9582787,3,,
131124746,-37.8142812,144.9591762,3,,
131221744,-37.8126526,144.9607696,4,,
131238672,-37.8133684,144.9623482,3,,
131238689,-37.8140301,144.9626401,1,,
137172723,-37.8050755,144.957258,3,,
144699879,-37.8191814,144.9578346,3,,
145190645,-37.8178755,144.9563202,4,,
145196475,-37.8179152,144.9542557,3,,
145210375,-37.8169978,144.9574762,3,,
145245869,-37.8162099,144.9602207,3,,
145245956,-37.8166777,144.9604426,1,,
145261423,-37.8157191,144.9619323,3,,
164102232,-37.8203145,144.9675145,2,,
164102362,-37.8204388,144.9651785,1,,
168377580,-37.8117272,144.9603584,3,,
170219377,-37.8084472,144.9762051,3,,
170219384,-37.8086826,144.9784657,4,,
170219402,-37.8085049,144.9767854,3,,
174792823,-37.8147462,144.9652597,3,,
174792857,-37.8142182,144.9650124,1,,
174812829,-37.8148358,144.964994,3,,
174812848,-37.8153015,144.9652044,1,,
176721271,-37.8141991,144.9671106,3,,
176721287,-37.8132189,144.9666697,2,turning_circle,
176722502,-37.8140818,144.9675156,3,,
196906311,-37.823816,144.9627077,4,,
196906529,-37.8238958,144.9626202,4,,
197019550,-37.8232457,144.9703234,5,,
224750210,-37.805867,144.9783553,3,,
224750232,-37.8082315,144.9779698,3,,
227508487,-37.8086794,144.9588421,4,,
227508496,-37.8096902,144.9593091,3,,
233275077,-37.8056308,144.9761302,4,,
233314824,-37.8054593,144.974453,3,,
233314890,-37.805006,144.9762359,3,,
233315285,-37.8067779,144.9734819,4,,
233555460,-37.8075333,144.9791885,4,,
243096971,-37.8234214,144.9699519,4,,
243097131,-37.8226272,144.9642044,4,,
243097133,-37.8229809,144.9650107,3,,
243097143,-37.8232964,144.969899,4,,
243097376,-37.8225858,144.9639251,4,,
243097380,-37.8225318,144.9640315,4,,
243434000,-37.823422,144.9763915,3,,
243963290,-37.8197294,144.9696569,1,,
243963300,-37.8221709,144.9749427,3,,
244244659,-37.8079114,144.968679,3,,
244255898,-37.8169586,144.9779917,3,,
244255899,-37.8163298,144.9781126,3,,
245532558,-37.8119402,144.9672697,3,,
245533066,-37.8120564,144.9668682,3,,
245537592,-37.8112436,144.9656244,3,,
247277203,-37.8050145,144.9567727,3,,
247417082,-37.8176604,144.9703961,3,,
247531432,-37.8135588,144.9471322,3,traffic_signals,4527
247531546,-37.8136747,144.9469852,3,traffic_signals,4527
247533244,-37.816609,144.9494845,3,,
247533245,-37.816592,144.9497232,3,,
248838949,-37.8059448,144.9748607,3,,
252588303,-37.8159148,144.9724367,4,,
252588540,-37.8209726,144.9762569,3,,
259159793,-37.8216615,144.9630736,4,,
259159800,-37.822102,144.9635393,3,,
259160028,-37.8212595,144.9625332,3,,
259160067,-37.8212215,144.9624913,1,,
259616706,-37.8143577,144.9548499,4,,
259616740,-37.8080945,144.9516571,4,,
259616744,-37.8086454,144.9521134,3,,
259617268,-37.8054701,144.9487942,4,,
265516842,-37.8216542,144.9738016,3,,
266733258,-37.8098682,144.9782541,4,,
266733534,-37.8096877,144.9765601,3,,
266734181,-37.8060727,144.9760543,4,,
266739054,-37.8185363,144.9757745,3,,
267317332,-37.8235652,144.9712948,3,,
267317336,-37.8229357,144.9713389,3,,
267319278,-37.8230962,144.9708347,3,,
268533545,-37.8126263,144.9777857,3,,
268533546,-37.8132645,144.9753728,1,,
268533991,-37.8118557,144.9753872,3,,
268533992,-37.8107917,144.9755669,3,,
268533994,-37.8110689,144.9780523,4,,
269327461,-37.8164564,144.9790645,4,,
269334278,-37.815794,144.9741728,3,,
269335005,-37.8183459,144.9793004,3,,
269335006,-37.8169162,144.9795584,3,,
269335114,-37.8097788,144.9783955,4,,
269335115,-37.8098826,144.9783802,4,,
269335260,-37.8083046,144.9786402,3,,
269335261,-37.8086934,144.9785694,4,,
269335418,-37.8121256,144.9780003,3,,
269335444,-37.8110856,144.9781728,3,,
277089855,-37.8077834,144.9713072,3,,
277089910,-37.8075598,144.970525,4,,
277089929,-37.8093042,144.9721881,4,,
277095753,-37.8059019,144.9744603,1,,
277164392,-37.8230673,144.9780897,3,,
287629445,-37.8051541,144.9489972,3,,
287630732,-37.8052876,144.9431245,3,,
287630739,-37.8053988,144.9436075,1,,
287630779,-37.8054717,144.9440307,4,,
287630810,-37.8063221,144.9473845,1,crossing,
289597153,-37.8113932,144.9533344,4,,
289597163,-37.8121466,144.9507946,3,,
289597173,-37.8125587,144.9492799,3,,
289597248,-37.810539,144.952454,3,,
289597255,-37.8104168,144.9528992,4,,
289602682,-37.8134164,144.9503427,3,,
289602744,-37.8116738,144.9482388,4,,
289602822,-37.8114943,144.9480859,3,,
291210710,-37.8068399,144.9651314,3,,
291210712,-37.8061049,144.9659246,4,,
291210792,-37.805942,144.9644683,3,,
296027680,-37.8118467,144.9452516,3,,
296027698,-37.812077,144.9447568,3,,
296027721,-37.8123715,144.9453987,3,,
296038801,-37.8085722,144.955594,3,,
297178797,-37.8221926,144.9515828,3,,
298045595,-37.8245864,144.9637446,4,,
298045597,-37.8246544,144.963651,4,,
298045607,-37.8241906,144.9632029,4,,
298045614,-37.8227467,144.9667789,3,,
298045618,-37.8231835,144.9661578,4,,
298045619,-37.8232267,144.9661383,4,,
301537530,-37.8192943,144.9458405,3,,
301537532,-37.8193576,144.9452144,3,,
301537533,-37.8194644,144.9452532,4,,
301537538,-37.8196757,144.9441947,3,,
301537539,-37.8197578,144.9442447,4,,
301537542,-37.8198872,144.9437787,3,,
301537543,-37.8198032,144.9437638,4,,
301537546,-37.8200987,144.9427235,4,,
301542605,-37.8218859,144.9506443,4,,
301542621,-37.8184468,144.9487972,3,,
301542631,-37.8214717,144.9503119,2,,
301542636,-37.8211319,144.9509954,3,,
301542641,-37.8194074,144.9496208,3,,
301542645,-37.8197113,144.948599,4,,
301544523,-37.8181744,144.9493372,3,,
301544524,-37.8182698,144.949383,4,,
301544532,-37.8201599,144.9509071,2,,
305106872,-37.8082003,144.9433189,3,,
305106965,-37.8087529,144.9452436,3,,
305106972,-37.8063997,144.9422572,3,,
306382946,-37.8062789,144.9419617,4,,
306904043,-37.8088197,144.9490828,3,,
310729981,-37.8131532,144.9391179,3,,
313278042,-37.8093191,144.9625898,1,,
313278043,-37.8092153,144.9629469,1,,
313278047,-37.8095775,144.9617162,3,,
317537930,-37.8094511,144.972098,4,,
317729593,-37.8093782,144.9565059,3,,
317729594,-37.809291,144.9573247,2,,
317729599,-37.8094711,144.9572886,3,,
319157074,-37.8078201,144.965739,3,,
319157116,-37.807445,144.9670196,3,,
319157918,-37.8050952,144.9685561,3,,
319157922,-37.8050698,144.9683078,3,,
319159694,-37.8101542,144.9577029,3,,
319159699,-37.8095009,144.9575262,3,,
332152660,-37.8068718,144.9781852,3,,
332152661,-37.8068126,144.9776248,1,,
332543902,-37.8054093,144.942993,4,,
332544824,-37.805423,144.9431073,4,,
332544825,-37.8055124,144.9430994,4,,
332544858,-37.8100669,144.9500116,4,,
332544859,-37.8101575,144.9500656,4,,
332544860,-37.8110742,144.950538,4,,
332544861,-37.8120617,144.9509831,4,,
332544866,-37.8101114,144.949889,4,,
332544910,-37.8098988,144.9506001,3,,
332544912,-37.8102047,144.949947,4,,
332546017,-37.8093655,144.9493376,4,,
332546101,-37.8060932,144.944804,4,,
332546227,-37.8088897,144.94895,3,,
332546228,-37.8085608,144.9486522,4,,
332546323,-37.8069162,144.9428347,3,,
332549397,-37.8070802,144.9470717,4,,
332549398,-37.8077615,144.9479984,4,,
332549399,-37.8091977,144.9493989,4,,
332549400,-37.808394,144.9486959,4,,
332549401,-37.805462,144.9433046,3,,
332549406,-37.8084799,144.9487843,4,,
356125188,-37.8184073,144.9798435,3,,
356125230,-37.8168491,144.9789949,3,,
356125287,-37.817493,144.9799952,3,,
361797592,-37.8059178,144.9788383,3,,
364861092,-37.8241483,144.9587641,4,,
364861168,-37.8243635,144.9585022,4,,
364861229,-37.8242381,144.958419,3,,
364861230,-37.8240092,144.9586917,3,,
367099135,-37.8061371,144.9766558,1,,
369109134,-37.8212791,144.9671813,3,,
369109139,-37.8220157,144.9669729,3,,
381825173,-37.8095785,144.9765775,4,,
387152924,-37.8061405,144.9449158,4,,
387152925,-37.80622,144.9448585,4,,
387152932,-37.8055654,144.9449297,3,,
387152934,-37.807741,144.9436412,4,,
387152936,-37.8077982,144.9437741,4,,
387152937,-37.8083253,144.9434194,3,,
387152981,-37.8055884,144.9440126,3,,
387152982,-37.8056853,144.9449077,3,,
387152983,-37.8056954,144.9450398,3,,
387152989,-37.8093004,144.9494759,4,,
387152991,-37.805398,144.9486787,4,,
387152992,-37.8054804,144.948602,4,,
387152993,-37.8064084,144.9476123,3,,
387152995,-37.8070234,144.9469362,4,,
387152996,-37.8070965,144.9468502,4,,
387153000,-37.8094812,144.9443213,3,,
387153004,-37.8086467,144.9454256,3,,
387153023,-37.8063079,144.9498941,4,,
387153031,-37.8062153,144.9497858,4,,
387153032,-37.8077264,144.9478001,4,,
387153036,-37.8100015,144.9447414,3,,
387153086,-37.8068355,144.951438,3,,
387153087,-37.8067403,144.9520327,3,,
387153088,-37.807735,144.9518509,3,,
387153091,-37.8072798,144.9507576,4,,
387153094,-37.8106324,144.9452414,3,,
387153095,-37.8069542,144.9542763,3,,
387153097,-37.8082061,144.9517453,4,,
387153098,-37.8082664,144.9516265,4,,
387153101,-37.8103024,144.9474073,4,,
387153106,-37.8084123,144.9556435,3,,
387700308,-37.8209312,144.9653878,3,,
387700309,-37.8210529,144.9653173,3,,
400738474,-37.8119944,144.9415213,3,,
408099013,-37.8170914,144.9780379,3,,
408099016,-37.8170456,144.9778573,3,,
452380773,-37.824947,144.9487745,3,,
452381244,-37.8249429,144.9494591,3,,
452381246,-37.8249861,144.9495247,3,,
458610300,-37.8161081,144.9764161,3,,
471259500,-37.8050009,144.9476894,4,,
501027474,-37.8074542,144.9708637,3,,
506043032,-37.8212793,144.9463412,4,,
531390737,-37.8213826,144.946364,4,,
560985651,-37.8206681,144.9461856,3,,
560985671,-37.8207729,144.945562,3,,
560986691,-37.8198801,144.9438039,3,,
560986727,-37.8198332,144.94366,4,,
560986728,-37.8199098,144.9436993,3,,
560986784,-37.8200733,144.9428084,4,,
560986785,-37.8201633,144.9428076,5,,
560986804,-37.8203948,144.9420364,3,,
560987190,-37.8214257,144.9454797,3,,
560987717,-37.8204225,144.9402087,3,,
571730335,-37.8249766,144.9577926,3,,
571730618,-37.8188302,144.9567625,3,,
571730621,-37.818797,144.9569116,3,,
572039322,-37.8065099,144.9518045,3,,
572039368,-37.8065998,144.951883,3,,
576876287,-37.8185792,144.9756236,3,,
576877847,-37.815959,144.9722879,4,,
576877857,-37.8160834,144.9723384,4,,
582798753,-37.8233335,144.9791528,3,,
588194334,-37.8145907,144.9718229,3,,
588876889,-37.8107823,144.9711967,3,,
588876900,-37.8108774,144.9708791,3,,
589402268,-37.8110837,144.9701883,4,traffic_signals,
589402289,-37.813041,144.9711064,4,traffic_signals,
589402311,-37.810034,144.9697155,4,,
589403294,-37.8091064,144.9692918,4,traffic_signals,
589472357,-37.8093039,144.9728631,4,,
589472358,-37.8093223,144.9730396,4,,
589664669,-37.8215374,144.9551298,3,,
589696723,-37.821346,144.9545757,3,,
589747750,-37.8213701,144.9537644,3,,
589763533,-37.822013,144.9507241,3,,
589814363,-37.8224038,144.9475061,3,,
591215868,-37.8246324,144.9483971,3,,
591274706,-37.8239191,144.9562884,3,traffic_signals,
591276363,-37.82381,144.9564523,3,,
591294679,-37.8175161,144.9675288,3,,
591392066,-37.8197097,144.9599048,4,,
591392087,-37.8196314,144.9601912,4,,
591393322,-37.8193386,144.9614893,3,traffic_signals,
591407730,-37.8231755,144.9607294,4,,
591407783,-37.8231941,144.960931,4,,
591407828,-37.823341,144.9608908,4,,
591407871,-37.8233216,144.960685,4,,
591408716,-37.8192631,144.9609873,4,,
591408731,-37.8192221,144.9611271,4,,
591426700,-37.8188115,144.9625514,4,,
595594347,-37.8101376,144.9697646,4,,
595594348,-37.8101801,144.9696194,4,,
595594352,-37.810906,144.9671561,4,,
595594353,-37.8109951,144.9668493,4,,
595594354,-37.8111151,144.9664363,3,,
595594361,-37.8127481,144.9608147,3,,
595594370,-37.8144545,144.9548937,4,,
595594371,-37.8144947,144.954754,4,,
598154601,-37.8175499,144.9674078,4,,
607756857,-37.8179299,144.9619818,4,traffic_signals,
607756858,-37.8178879,144.9621366,4,traffic_signals,
607756866,-37.8174195,144.9619198,3,,
613315545,-37.8143356,144.9615681,2,,
613315547,-37.8143273,144.9616012,1,,
617564740,-37.8211221,144.9654408,3,,
628761345,-37.8083765,144.979157,3,,
633912993,-37.8151107,144.9562982,3,,
634785679,-37.8140072,144.9396638,4,,
634785708,-37.8136776,144.9394397,3,,
642420359,-37.8199759,144.9550574,3,,
650271243,-37.8141514,144.9775317,3,,
650271563,-37.8141627,144.9776608,3,,
663497749,-37.8153517,144.972162,4,,
702352970,-37.8065655,144.9428973,3,,
702352971,-37.8071525,144.9440798,4,,
702352972,-37.8071963,144.9441776,4,,
702354038,-37.8061001,144.942887,3,,
702354049,-37.8057835,144.9429302,3,,
702354055,-37.8057953,144.9430277,3,,
702354305,-37.8064921,144.9428107,3,,
702354384,-37.8079675,144.9459263,4,,
702354385,-37.8080047,144.9460653,3,,
702354813,-37.8070845,144.9424458,1,,
702354815,-37.8064985,144.9419815,3,,
702363497,-37.8063149,144.9420464,4,,
702372647,-37.806166,144.9417593,2,,
702375239,-37.8069056,144.9427495,3,,
702375968,-37.8074173,144.942908,3,,
702460953,-37.8052138,144.9493225,4,,
702463816,-37.8057874,144.9492437,3,,
702465424,-37.8050994,144.9492306,4,,
703554589,-37.8092036,144.9565382,3,,
703554591,-37.8090904,144.9555118,3,,
703557084,-37.8061846,144.9539388,3,,
709709814,-37.8132773,144.9437004,3,,
710048745,-37.8132028,144.9500172,3,,
710049084,-37.8134643,144.9501917,3,,
711331836,-37.8067539,144.9582222,1,,
711333571,-37.8063681,144.9581415,1,,
736011483,-37.8246789,144.9705324,3,,
741702052,-37.8157477,144.9735102,3,,
741702104,-37.8155916,144.974058,3,,
741702223,-37.8160306,144.9725032,4,,
741702228,-37.8167927,144.969961,4,,
758613567,-37.8214382,144.9449349,3,,
758615171,-37.8219534,144.9436159,1,,
767583050,-37.8083801,144.9717513,3,,
767583089,-37.8079522,144.9718874,3,,
767584383,-37.8080634,144.9688027,4,,
767584755,-37.807124,144.9507753,3,,
767584756,-37.8072166,144.9508587,3,,
767584876,-37.808094,144.9730649,4,,
767584894,-37.8077222,144.973141,4,,
767586831,-37.8091804,144.9728878,4,,
767587066,-37.8081138,144.9732436,4,,
767587073,-37.8091936,144.9730657,4,,
767587081,-37.8077522,144.9733147,4,,
767658128,-37.8067611,144.9733168,3,,
767670317,-37.8052437,144.9690899,4,,
767671059,-37.8051849,144.9685465,3,,
767729202,-37.8075748,144.9432615,3,,
767729251,-37.8084327,144.9454013,3,,
767737803,-37.8050872,144.9676227,4,,
767737811,-37.8051036,144.9677834,4,,
774508242,-37.8063184,144.9593917,5,,
774545099,-37.8060861,144.9583459,4,,
774546372,-37.8061863,144.9593811,4,,
774546374,-37.8062308,144.9596808,4,,
774546433,-37.8058171,144.9594945,3,,
775933250,-37.8059157,144.9591398,4,,
775933295,-37.8058854,144.9592483,4,,
775933297,-37.8058509,144.9593721,4,,
775933327,-37.8061015,144.9585153,3,,
775942450,-37.806433,144.9615085,4,traffic_signals,
775942452,-37.8065393,144.9613218,4,traffic_signals,
775942455,-37.8067581,144.9610755,3,,
777696327,-37.8059444,144.9571074,4,,
777697587,-37.8058318,144.9561057,4,,
777700831,-37.8059582,144.9560839,4,,
777701894,-37.8059261,144.955853,4,,
777703067,-37.8058058,144.9558722,4,,
777706218,-37.8058416,144.9552137,4,,
777710193,-37.805742,144.9552312,4,,
777721749,-37.8058236,144.9550756,4,,
777721838,-37.8057283,144.9550903,4,,
777759530,-37.8060724,144.957085,3,,
777765347,-37.8080835,144.958019,2,,
777771693,-37.806282,144.9601289,3,,
777774421,-37.8062198,144.9538074,4,,
777776726,-37.8055962,144.9505911,3,,
777781181,-37.8052379,144.9523212,3,,
777781264,-37.8052207,144.9521732,3,,
777788322,-37.8079405,144.9545824,3,,
777788326,-37.8070061,144.9541677,4,,
777788328,-37.8069131,144.9541266,4,,
777789012,-37.8061871,144.9551496,3,,
777795238,-37.8076461,144.9546008,3,,
780982646,-37.8051,144.9493421,4,,
801840602,-37.806295,144.9496845,4,,
827048477,-37.8192663,144.9501875,3,,
827048725,-37.8191543,144.9505999,1,,
844455902,-37.8209759,144.9473593,4,,
844456058,-37.8209247,144.9474935,4,,
844461911,-37.8210532,144.9475329,4,,
844462093,-37.8210876,144.9473821,4,,
844475994,-37.8222339,144.9478112,3,,
844481986,-37.8206123,144.9486018,4,,
844482225,-37.8210155,144.9490014,3,,
844482569,-37.8207211,144.9486816,4,,
844482981,-37.8206861,144.9487865,4,,
846547014,-37.8201861,144.9686095,4,,
846547082,-37.8201532,144.9687521,3,,
846548135,-37.8209931,144.9689301,3,,
846558917,-37.820589,144.9690251,3,,
846566368,-37.8233693,144.9700652,4,,
846566369,-37.8232832,144.970025,4,,
846566630,-37.8232655,144.9701959,4,,
846566997,-37.8246134,144.9706436,3,,
847528091,-37.8233836,144.9673683,3,,
847528391,-37.8233892,144.9674099,3,,
847529551,-37.8236629,144.9673813,3,,
847531461,-37.8207156,144.9695057,3,,
847532415,-37.8210104,144.9675621,3,,
871135414,-37.8059867,144.979449,4,,
912832679,-37.8177483,144.9788379,3,,
912832700,-37.8177362,144.9787117,3,,
1131986101,-37.8149911,144.9448629,3,,
1131986113,-37.8150862,144.9450741,4,,
1131986163,-37.8149433,144.9450349,4,,
1132023834,-37.8189705,144.9465947,4,,
1132070461,-37.811777,144.9415817,3,,
1234672052,-37.8224634,144.9629627,1,,
1234672054,-37.8221711,144.9634245,4,,
1249500492,-37.8218406,144.962707,3,,
1449295035,-37.8157781,144.9791536,4,,
1449295050,-37.8157636,144.979017,3,,
1449295066,-37.8156229,144.9790371,3,,
1449297301,-37.8154528,144.9774567,3,,
1449297324,-37.8154411,144.9773238,4,,
1449431342,-37.8133286,144.9738983,4,,
1449431464,-37.8142718,144.9744752,3,,
1449431465,-37.8131745,144.9739711,4,,
1449431467,-37.8130456,144.9739104,4,,
1449431476,-37.8131754,144.973829,4,,
1449431504,-37.8152391,144.9747855,4,,
1449431544,-37.8143103,144.9743508,4,traffic_signals,
1449431554,-37.8134711,144.9737343,3,,
1449431630,-37.8153555,144.97498,3,,
1479930070,-37.8211984,144.9549889,4,,
1479930102,-37.8210097,144.9549332,4,,
1479930110,-37.8209609,144.9551265,4,,
1490182710,-37.8218976,144.9736939,3,,
1490182711,-37.8220409,144.9737949,3,,
1492131943,-37.812237,144.9447994,3,,
1492131965,-37.8120547,144.9451685,6,,
1492145829,-37.8131366,144.9513213,4,,
1492145844,-37.8132536,144.9513753,4,,
1492150945,-37.8150314,144.9528897,3,,
1492150956,-37.8141521,144.9519721,4,,
1492150958,-37.8149348,144.9528434,3,,
1492150966,-37.8150722,144.9523906,4,,
1492150975,-37.8151166,144.952238,3,,
1492150978,-37.8141993,144.9518144,3,,
1492150982,-37.81516,144.9524316,4,,
1492150985,-37.8152043,144.9522786,3,,
1492153091,-37.8124185,144.9538205,4,,
1492153093,-37.8125285,144.9538706,4,,
1492153100,-37.8124875,144.9540117,4,,
1492410147,-37.8065955,144.9629848,4,,
1525908961,-37.8234326,144.9791359,3,,
1691676459,-37.807333,144.9687672,4,,
1691676467,-37.8062005,144.9583284,4,,
1691676471,-37.807347,144.968891,4,,
1725216788,-37.8051471,144.9600534,4,,
1725216810,-37.8059564,144.9646036,4,,
1725216852,-37.8062509,144.9598532,3,,
1725216871,-37.8067646,144.9644611,4,,
1725216895,-37.8068568,144.9643198,3,,
1725216922,-37.8068686,144.9644399,3,,
1833110268,-37.8200286,144.9582187,3,,
1833110275,-37.8195029,144.9600963,4,,
1833110277,-37.8195647,144.9598828,4,,
1833110279,-37.8178063,144.9660039,1,,
1833110282,-37.8186835,144.9630189,3,,
1833110288,-37.8188564,144.9623989,4,,
1833110301,-37.8166914,144.9698375,4,,
1833110319,-37.8070269,144.9659203,4,,
1833115722,-37.8219132,144.9520835,4,,
1838361782,-37.81647,144.9669901,4,traffic_signals,
1865096363,-37.8052589,144.9692308,3,,
1895925154,-37.8063518,144.9596637,5,,
1895925155,-37.8061698,144.9592727,4,,
1900213541,-37.8064174,144.9613443,4,,
1900213543,-37.806558,144.9614844,4,,
1900234252,-37.8077132,144.9617339,3,,
1923401354,-37.8085668,144.9587901,3,,
1985549822,-37.806913,144.9657827,4,,
1985551133,-37.8069298,144.965933,4,,
1985557912,-37.8118036,144.9677385,4,traffic_signals,
1985557917,-37.8077755,144.9658913,4,,
1985557921,-37.8157191,144.9695291,4,,
1985557923,-37.8107637,144.9672597,4,,
1985557927,-37.8108636,144.9673056,4,,
1985557931,-37.8137614,144.9686397,4,traffic_signals,
1985557938,-37.8166559,144.9699502,4,,
1985557960,-37.8070106,144.9657667,4,,
1985557963,-37.8098265,144.9668282,4,traffic_signals,
1992134560,-37.8087435,144.9767163,1,,
2020813831,-37.8139955,144.9601695,4,traffic_signals,
2020813837,-37.8159238,144.9612237,4,traffic_signals,
2020813849,-37.8130167,144.9598849,4,,
2020813855,-37.8119956,144.9594357,4,traffic_signals,
2020813869,-37.8129615,144.9597068,4,,
2020813871,-37.8130553,144.9597517,4,,
2020813875,-37.8129222,144.9598423,4,,
2020813883,-37.8120389,144.9592869,4,traffic_signals,
2020813887,-37.809935,144.9584805,4,,
2020813891,-37.815965,144.9610771,4,traffic_signals,
2020813893,-37.8099711,144.9583444,4,,
2096319043,-37.8079709,144.9754658,3,,
2096319051,-37.8083572,144.9753904,3,,
2164826094,-37.8221748,144.9509746,3,,
2165149751,-37.8181412,144.9648483,4,crossing,
2174950792,-37.8191474,144.9540861,4,,
2174950793,-37.8190376,144.954033,4,,
2174950794,-37.8189774,144.9542254,4,,
2174950798,-37.8201353,144.9547449,3,,
2174950800,-37.8185218,144.9540185,3,,
2174950802,-37.8180478,144.9537967,4,,
2174950855,-37.8171439,144.9533633,4,,
2174950856,-37.8171865,144.9532135,3,,
2174963245,-37.8170198,144.9533067,4,,
2174963248,-37.8170623,144.953157,3,,
2177115239,-37.8154565,144.9586994,4,,
2177124599,-37.8149037,144.9605871,4,,
2177124600,-37.8160272,144.9567188,3,,
2177124604,-37.8146176,144.9616968,4,,
2177124605,-37.814968,144.9607785,4,,
2177124606,-37.8147752,144.9614991,3,,
2177124607,-37.8163506,144.9556104,4,,
2177124610,-37.8148622,144.9607278,4,,
2177124611,-37.8150139,144.9606319,4,,
2177124613,-37.8163088,144.9557547,4,,
2177124617,-37.816049,144.9570548,3,,
2177124620,-37.8151948,144.9595918,3,,
2177124623,-37.8164534,144.9556614,4,,
2177124624,-37.8164124,144.9558028,4,,
2180491134,-37.8190958,144.9542811,4,,
2180614752,-37.8140656,144.9715791,4,traffic_signals,
2180614753,-37.8141139,144.9714122,4,traffic_signals,
2180614754,-37.814022,144.9713676,4,traffic_signals,
2180614756,-37.8139729,144.9715369,4,traffic_signals,
2180785571,-37.818411,144.9565684,4,,
2180785574,-37.8183264,144.9565292,4,,
2180785576,-37.8173377,144.9602763,3,,
2180785582,-37.81684,144.9616412,4,,
2180785588,-37.8183692,144.9567127,4,,
2180785597,-37.8169685,144.961547,4,,
2180785610,-37.8182846,144.9566733,4,,
2180785617,-37.8169305,144.9616849,4,,
2180822307,-37.8168807,144.9615079,4,,
2181268810,-37.8110427,144.9589884,4,,
2181268821,-37.8110829,144.9588361,4,,
2181268826,-37.8082272,144.9687196,4,,
2181268830,-37.808903,144.9664031,4,,
2181268832,-37.8096313,144.9639164,3,,
2181268833,-37.8122156,144.9549471,4,,
2181268836,-37.8089432,144.9662639,4,,
2181275329,-37.8098188,144.9628205,1,,
2181275333,-37.8113586,144.9575238,3,,
2181275335,-37.8087781,144.966346,4,,
2181275339,-37.8109859,144.9587939,4,,
2181275340,-37.8088181,144.966206,4,,
2181275342,-37.810944,144.9589427,4,,
2181275344,-37.8080988,144.9686778,4,,
2183271187,-37.8066972,144.962798,4,,
2183271188,-37.8067128,144.9629627,4,,
2183273514,-37.8073672,144.9629043,2,,
2183273515,-37.8074087,144.9627462,3,,
2187770692,-37.8096625,144.963796,3,,
2187770693,-37.812539,144.9651841,4,traffic_signals,
2187874240,-37.8154255,144.9665171,3,traffic_signals,
2187874241,-37.8155507,144.9665734,3,traffic_signals,
2187874242,-37.8145043,144.9660841,4,traffic_signals,
2187874243,-37.8174052,144.9673883,4,,
2187983874,-37.8118059,144.9712932,3,,
2187983875,-37.8121465,144.9705061,4,,
2187983881,-37.812715,144.9681564,4,,
2187983882,-37.8128601,144.9680435,4,,
2187983885,-37.8128141,144.9682021,4,,
2187983886,-37.8120436,144.9704778,4,,
2187983887,-37.8120053,144.9706064,4,,
2187983888,-37.8117127,144.9716148,3,,
2187983890,-37.8120976,144.9706706,4,,
2187983891,-37.8127608,144.9679984,4,,
2188404536,-37.8129363,144.9675789,3,,
2188404539,-37.8131019,144.9670733,3,,
2189143649,-37.8096634,144.9553764,3,,
2189145378,-37.8166741,144.958604,4,,
2189145380,-37.8156236,144.9581195,4,,
2189145381,-37.8176505,144.959199,4,,
2189145384,-37.8127588,144.9567994,4,traffic_signals,
2189145385,-37.8118053,144.9563588,4,,
2189145386,-37.8116537,144.956473,4,,
2189145387,-37.813725,144.9574279,4,,
2189145388,-37.8117008,144.9563112,4,,
2189145389,-37.8136757,144.9572213,4,,
2189145390,-37.8175621,144.9591653,4,,
2189145391,-37.813629,144.9573836,4,,
2189145392,-37.8137717,144.9572655,4,,
2189145394,-37.8176917,144.9590521,4,,
2189145397,-37.8155849,144.9582573,4,,
2189145399,-37.8157596,144.9581779,4,,
2189145401,-37.8147069,144.9576975,4,traffic_signals,
2189145402,-37.8127121,144.9569609,4,traffic_signals,
2189145403,-37.8176053,144.9590162,4,,
2189145404,-37.8157131,144.9583139,4,,
2189145408,-37.8117582,144.956521,4,,
2189145409,-37.8106426,144.9560066,4,,
2189149376,-37.8106893,144.9558442,3,,
2189156618,-37.8186053,144.9597076,3,,
2189272905,-37.8193672,144.9611924,3,,
2189358929,-37.8074056,144.9769143,3,,
2189377511,-37.808402,144.9757435,4,,
2189398724,-37.8094696,144.9755764,4,,
2189398733,-37.8094863,144.9757412,4,,
2189398745,-37.8095799,144.9755578,4,,
2189398750,-37.8095955,144.9757154,4,,
2189497200,-37.8112983,144.9729731,4,traffic_signals,
2189497210,-37.8114292,144.9730322,4,traffic_signals,
2189497215,-37.8102811,144.9728714,3,,
2189497226,-37.811395,144.9731518,3,traffic_signals,
2189497232,-37.8112629,144.9731026,3,traffic_signals,
2189497243,-37.8103214,144.972738,4,,
2190478922,-37.8161667,144.9639741,4,,
2190478924,-37.8161258,144.9641152,4,,
2190478926,-37.8142124,144.9630732,4,,
2190478928,-37.8162146,144.9641561,4,,
2190478930,-37.8152117,144.9636946,4,traffic_signals,
2190478932,-37.8162554,144.9640149,4,,
2190478934,-37.8152521,144.9635545,4,traffic_signals,
2190478936,-37.8143166,144.9631217,4,,
2190478937,-37.8172118,144.9644519,4,traffic_signals,
2190478940,-37.8171696,144.964596,3,traffic_signals,
2190483577,-37.8113239,144.9617447,4,traffic_signals,
2190483578,-37.8070873,144.9599614,4,traffic_signals,
2190483579,-37.8082512,144.9603275,4,,
2190483580,-37.8132827,144.9626461,4,traffic_signals,
2190483581,-37.8081346,144.9602792,4,,
2190483583,-37.8103271,144.961445,4,,
2190483585,-37.8080935,144.96042,4,,
2190483586,-37.8132429,144.9627844,4,traffic_signals,
2190483587,-37.8102312,144.9614027,4,,
2190483588,-37.8102761,144.9612596,4,,
2190483589,-37.808209,144.9604735,4,,
2190483590,-37.8103683,144.9613031,4,,
2190483591,-37.8122458,144.9621679,4,,
2190483592,-37.812301,144.9623539,4,,
2190483594,-37.8122047,144.9623095,4,,
2190483595,-37.8097289,144.9611666,3,,
2190483597,-37.8112824,144.9618851,4,traffic_signals,
2190483598,-37.8071322,144.9598125,4,traffic_signals,
2190483600,-37.8123421,144.9622123,4,,
2190561008,-37.8142758,144.9632632,3,,
2190561011,-37.8141713,144.9632146,3,,
2200514710,-37.805365,144.9735373,3,traffic_signals,
2200514713,-37.8053758,144.9737125,4,traffic_signals,
2202858904,-37.8218367,144.9518535,3,,
2202858905,-37.8217461,144.9539316,3,,
2202858907,-37.8216156,144.9536687,3,,
2222040563,-37.8210422,144.9431999,3,,
2266482255,-37.8247672,144.9669701,3,,
2266563639,-37.8088342,144.9537933,3,,
2266563642,-37.8087138,144.9541037,3,,
2266563659,-37.8085652,144.9549541,3,,
2266563661,-37.808445,144.955021,3,,
2266563663,-37.8084908,144.9548574,4,,
2279153639,-37.8123383,144.9734446,4,,
2291073957,-37.8081873,144.9688537,4,,
2291074006,-37.813094,144.9514902,4,,
2299500155,-37.8051604,144.9602013,3,,
2317966813,-37.810629,144.9756622,3,,
2317966815,-37.8109489,144.9780765,4,,
2318307716,-37.8108213,144.9758358,3,,
2318307717,-37.8109184,144.9767138,3,,
2318307718,-37.8108058,144.9767273,3,,
2318307719,-37.8107126,144.975858,3,,
2318307720,-37.8107993,144.9756315,3,,
2347007245,-37.820583,144.9487118,4,,
2368034119,-37.8071704,144.9777557,1,,
2368034120,-37.8072092,144.9781291,3,,
2383211191,-37.8095101,144.9638615,4,,
2383211199,-37.8095421,144.963743,4,,
2384091371,-37.8051574,144.9682935,3,,
2384091372,-37.8071739,144.9672749,4,,
2384091373,-37.8071893,144.9674188,4,,
2384091391,-37.8149978,144.9720111,4,traffic_signals,
2469456589,-37.8174002,144.9540169,1,,
2562266911,-37.8219462,144.9540192,3,,
2562266935,-37.8220881,144.9540802,3,,
2562266951,-37.8223447,144.9529466,3,,
2562266956,-37.8225932,144.9519012,3,,
2562266970,-37.822639,144.9518293,3,,
2562266988,-37.8226903,144.9519618,3,,
2615827667,-37.8072331,144.9678453,3,,
2642814897,-37.8213309,144.9444109,4,,
2642814904,-37.8214382,144.9444321,3,,
2766300603,-37.8067258,144.9689939,3,,
2766300604,-37.8067131,144.9688546,3,,
2905756476,-37.8057361,144.9508391,3,,
3112130620,-37.8242622,144.9631224,3,,
3143370318,-37.8135357,144.9426598,1,turning_loop,
3146808101,-37.8100101,144.9795592,3,,
3146808102,-37.8099078,144.9795768,3,,
3161948899,-37.808573,144.9553717,3,,
3161948922,-37.8089576,144.9577339,1,,
3199584806,-37.8072871,144.9683301,3,,
3202917978,-37.8074875,144.9466277,3,,
3204395235,-37.8068576,144.9491293,3,,
3208518294,-37.8057819,144.9644964,3,,
3208518295,-37.8057963,144.9646323,3,,
3211909915,-37.8180223,144.953594,3,,
3215106461,-37.8105069,144.9501256,3,,
3215106462,-37.8104633,144.950248,3,,
3215106488,-37.8086006,144.9522499,3,,
3215106498,-37.8078218,144.9525138,3,,
3215191990,-37.8058046,144.9522223,3,,
3215191991,-37.8057906,144.9520755,3,,
3215191997,-37.8058059,144.948244,3,,
3215192040,-37.8081088,144.948388,3,,
3215192041,-37.8081819,144.948292,3,,
3218226994,-37.8073631,144.94657,3,,
3218226997,-37.8064246,144.9453284,3,,
3218226998,-37.8063457,144.9453815,3,,
3218227004,-37.8067796,144.9463771,3,,
3218227005,-37.8068564,144.9463147,3,,
3306900957,-37.8191237,144.9599131,3,,
3306900958,-37.8191685,144.9597373,3,,
3313134384,-37.8174786,144.9671307,1,traffic_signals,
3365775178,-37.8203097,144.9419935,4,,
3367904421,-37.809585,144.963588,1,traffic_signals,
3394697653,-37.8105264,144.9642575,1,crossing,
3401024069,-37.8233054,144.9702142,4,,
3481124173,-37.806533,144.9474779,3,,
3743608245,-37.8224066,144.9475387,3,,
3810637333,-37.8207093,144.9413403,4,,
3810637369,-37.8211539,144.9432696,3,,
3882855731,-37.8197323,144.9484815,3,,
3884089009,-37.8184279,144.9484572,3,,
3887190865,-37.8169773,144.9768829,1,,
3929948030,-37.822137,144.9621979,2,,
4283908160,-37.8105064,144.9754138,3,,
4342425833,-37.8237868,144.9788571,3,,
4453229724,-37.820631,144.941386,4,,
4453229731,-37.8206361,144.9415544,4,,
4453229733,-37.820714,144.9409693,3,,
4453229735,-37.8207557,144.9415102,3,,
4544002874,-37.8108968,144.9668054,3,,
4544002877,-37.8113423,144.9656704,3,,
4544096366,-37.815377,144.9730885,1,,
4551628270,-37.8076649,144.9478827,3,,
4746121968,-37.8123011,144.9735626,3,,
4957734525,-37.808623,144.9454939,3,,
4957734527,-37.8084556,144.945323,3,,
4957734529,-37.8085454,144.9455431,3,,
4996764092,-37.8121213,144.9510102,4,,
4996764094,-37.8114594,144.9533647,4,,
4996764095,-37.811421,144.953513,3,,
4996764096,-37.8113499,144.9534798,3,,
5063475565,-37.8132123,144.9515458,4,,
5231657939,-37.8228907,144.9645994,3,,
5232347245,-37.8117582,144.9483481,4,,
5232347251,-37.8111587,144.9502474,3,,
5232347252,-37.8110437,144.9501922,3,,
5642440936,-37.8083318,144.95544,3,,
5785884768,-37.8085852,144.9452836,3,,
5797723046,-37.805864,144.9449896,3,,
5880339363,-37.819673,144.9600388,4,,
5968588316,-37.8209451,144.9423164,3,,
6167279385,-37.8123782,144.9539607,4,,
6167357881,-37.8128063,144.9737984,3,,
6206786039,-37.8114417,144.9703457,3,,
6206786040,-37.811476,144.9702288,3,,
6206790703,-37.8109626,144.9781933,3,,
6206878685,-37.824845,144.9576466,3,,
6206878690,-37.8248662,144.9569589,3,,
6206935809,-37.8178338,144.9564637,3,,
6206936509,-37.8059755,144.9442868,3,,
6206936510,-37.8058962,144.9443458,3,,
6206949955,-37.8159742,144.9696444,3,,
6206949956,-37.8160155,144.969502,3,,
6206967737,-37.8061203,144.9660763,3,,
6206971382,-37.817466,144.9617719,3,,
6207022858,-37.8097472,144.9710871,3,,
6207022859,-37.8096417,144.971036,3,,
6207022860,-37.8099277,144.9704756,3,,
6207022861,-37.8098228,144.9704262,3,,
6207070036,-37.8104323,144.9671071,3,,
6207070037,-37.8104759,144.9669605,3,,
6207096572,-37.8140231,144.9545477,3,,
6207096573,-37.8139829,144.9546832,3,,
6207152062,-37.8078619,144.9743934,3,,
6207152063,-37.8082121,144.9743363,3,,
6207229685,-37.8083001,144.9661292,3,,
6207229686,-37.8083451,144.9659842,3,,
6207245783,-37.8094622,144.9744515,3,,
6207245784,-37.809363,144.9744774,3,,
6212296110,-37.8082693,144.9790855,2,,
6282173383,-37.823202,144.9761561,3,,
6282174090,-37.8233028,144.9782368,3,,
6282174091,-37.8232678,144.9784866,4,,
6282174092,-37.8233635,144.9785707,4,,
6282174093,-37.823348,144.9784058,4,,
6381018224,-37.8097504,144.949796,3,,
6381018225,-37.8098113,144.9496678,3,,
6381188151,-37.8109116,144.9532728,3,,
6381188152,-37.8109473,144.9531347,3,,
6381239373,-37.811825,144.9537019,3,,
6381239374,-37.8118665,144.9535604,3,,
6381291673,-37.8138386,144.9566549,3,,
6381291674,-37.8139334,144.9567039,3,,
6381291675,-37.8140058,144.9564523,3,,
6381291676,-37.8139091,144.9564099,3,,
6381474060,-37.8104063,144.9684626,3,,
6381474061,-37.810509,144.9685064,3,,
6381512708,-37.8120267,144.9678407,3,,
6381512709,-37.8120752,144.9676876,3,,
6381558801,-37.812599,144.9613279,3,,
6381558802,-37.8125033,144.9612829,3,,
6567524127,-37.8061002,144.9418156,3,,
6632783520,-37.8213669,144.9415012,1,,
6680797642,-37.8212124,144.9423671,1,turning_circle,
6681538751,-37.8200633,144.9401286,1,,
6682397302,-37.8050058,144.9668745,3,,
6684334295,-37.8198586,144.9417935,1,,
6690838152,-37.819112,144.9460994,3,,
6690838153,-37.8192065,144.9461436,3,,
6694269123,-37.8206816,144.9446459,2,,
6695923950,-37.807085,144.9540135,3,,
6695923951,-37.8070004,144.9539473,3,,
6695934644,-37.8085793,144.9520618,3,,
6695934646,-37.8080664,144.9538111,4,,
6695934648,-37.8078568,144.954546,3,,
6695934649,-37.8085419,144.9524558,3,,
6695934650,-37.8084621,144.952422,3,,
6695934651,-37.8079041,144.9543851,3,,
6695934652,-37.8079855,144.9544222,3,,
6695934672,-37.8080331,144.9517757,3,,
6695998378,-37.8078235,144.9476691,3,,
6695998379,-37.8079081,144.9477747,3,,
6695998415,-37.808951,144.9450314,3,,
6695998416,-37.8085681,144.9452758,3,,
6695998423,-37.8084247,144.9451272,3,,
6696001853,-37.8071391,144.9442194,4,,
6696001858,-37.8079154,144.9459812,4,,
6696001859,-37.8079727,144.9461,3,,
6696001860,-37.8066592,144.9428809,3,,
6696001862,-37.8070975,144.9441202,4,,
6696274751,-37.8106629,144.9679854,3,,
6696274752,-37.8105629,144.9679357,3,,
6713073558,-37.8215613,144.9657386,3,,
6713073562,-37.8216544,144.9660737,3,,
6713073568,-37.8215716,144.9634021,3,,
6713073571,-37.8218566,144.963287,3,,
6713073576,-37.8228224,144.9635369,3,,
6713073579,-37.8224124,144.9636842,3,,
6713198142,-37.8220305,144.9747092,3,,
6775859250,-37.8095491,144.9693265,3,,
6775859251,-37.8095112,144.9694772,3,,
6775862757,-37.8125238,144.9706731,3,,
6775862758,-37.8124764,144.9708456,3,,
6775862775,-37.814633,144.9716538,3,,
6775862780,-37.8148297,144.9717451,3,,
6775862781,-37.8147803,144.9719106,3,,
6775870290,-37.8153965,144.9720109,3,,
6794073377,-37.8179782,144.9654136,3,,
6794073380,-37.8180992,144.9654732,3,,
6804242153,-37.8165318,144.9613371,3,,
6804242154,-37.8164896,144.961477,3,,
6804266285,-37.8147342,144.9605097,3,,
6804266286,-37.8146931,144.9606436,3,,
6849066508,-37.810577,144.9392174,3,,
6849066509,-37.8105444,144.9391402,3,,
6930998717,-37.8060388,144.9652722,3,,
6943763839,-37.8109981,144.9503528,4,,
6943763840,-37.8109585,144.9504834,4,,
6943763842,-37.8102978,144.95284,4,,
6943763843,-37.8102593,144.9529697,3,,
6943763844,-37.8103871,144.9530295,3,,
6943763857,-37.8107779,144.9511269,3,,
6943763858,-37.8108937,144.9511844,3,,
6943763859,-37.8106858,144.9514551,3,,
6943763860,-37.8108018,144.9515133,3,,
6943763861,-37.8105744,144.9518523,3,,
6943763862,-37.8106906,144.9519112,3,,
6943763863,-37.8104202,144.9524018,3,,
6943805688,-37.8112014,144.9496366,3,,
6943805689,-37.8113247,144.9496953,3,,
6943805690,-37.811112,144.9499516,3,,
6943805691,-37.8112302,144.9500097,3,,
7147522205,-37.8220596,144.9735263,3,,
7379344700,-37.8245374,144.9480948,3,,
7385490938,-37.8207106,144.9390053,1,,
7388026644,-37.8173865,144.9674502,3,,
7388133845,-37.8128374,144.9740326,3,,
7759495227,-37.8051312,144.9688897,3,,
7759495228,-37.8052201,144.9688719,3,,
7912946298,-37.8105744,144.9642796,4,,
7919262062,-37.8078334,144.9613351,3,,
7919262064,-37.8090234,144.9617633,2,,
7919262077,-37.8091076,144.9613467,3,,
7986396067,-37.8126328,144.9404544,4,,
8158019797,-37.8217496,144.9552336,3,,
8189021211,-37.8093997,144.9748157,3,,
8633729231,-37.8150345,144.9690459,3,,
8633729232,-37.8149939,144.9691872,3,,
8633729233,-37.815246,144.969145,3,,
8633729234,-37.8152071,144.9692875,3,,
8633729235,-37.8165538,144.9697544,3,,
8633729236,-37.816513,144.9698905,3,,
8816580554,-37.8198486,144.961545,1,,
8869200174,-37.8081054,144.9767456,3,,
8869200234,-37.8079976,144.9757244,3,,
8870964254,-37.8076394,144.9708068,3,,
8872118096,-37.8105391,144.9755183,4,,
8873674098,-37.8117926,144.9747763,4,,
8873674099,-37.8107573,144.9754015,4,,
8873674102,-37.8107188,144.9753036,3,,
8873674108,-37.8117793,144.974675,3,,
8873733118,-37.8134914,144.9739733,3,,
8906027501,-37.8232841,144.9779585,3,,
8906064530,-37.8229503,144.9759052,3,,
8906064536,-37.8231987,144.9767315,3,,
8912819704,-37.8237756,144.9479196,3,,
8912819714,-37.8245078,144.9483696,3,,
8915227903,-37.822019,144.9497471,3,,
8915227919,-37.8221645,144.9516466,3,,
8915227997,-37.821691,144.9519926,3,,
8915228063,-37.8220373,144.954215,3,,
8915228076,-37.8219398,144.9541978,3,,
8915228082,-37.8219108,144.9541162,3,,
8915228096,-37.8224122,144.9529731,3,,
8915393785,-37.8211026,144.9655123,3,,
8915393798,-37.8222766,144.9619517,1,,
8915393799,-37.8220892,144.9622865,1,,
8927996670,-37.8074362,144.9466831,3,,
8927996671,-37.8074132,144.9465167,3,,
8927996680,-37.8064541,144.9519885,4,,
8927996681,-37.8064621,144.9521045,3,,
8927996682,-37.806561,144.9520141,4,,
8927996684,-37.8065622,144.9520755,3,,
8927996695,-37.8067295,144.9514337,3,,
8928250827,-37.8063289,144.9474957,3,,
8928250829,-37.8062233,144.947497,1,,
8928699312,-37.8050182,144.9477868,3,,
8928702139,-37.8052186,144.9492524,3,,
8930274052,-37.8064925,144.9457184,3,,
8930274053,-37.8065705,144.9456604,3,,
8934978263,-37.811029,144.9478076,4,,
8935216788,-37.8107604,144.9391026,4,,
8935216805,-37.8125399,144.9434066,3,,
8935486530,-37.8122072,144.9454549,3,,
8935840330,-37.8114571,144.9466611,3,,
8937071012,-37.8063098,144.9423013,3,,
8937084818,-37.8063285,144.9423419,3,,
8937084819,-37.806315,144.9423125,3,,
8937084826,-37.8061868,144.9420238,3,,
8937084827,-37.8062221,144.9421044,3,,
8937084851,-37.8056057,144.9419277,1,,
8937084853,-37.8074696,144.9428734,4,,
8937084856,-37.8079111,144.943968,3,,
8937084859,-37.8077783,144.9436118,4,,
8937084860,-37.8078372,144.9437479,4,,
8937084926,-37.8061091,144.9429709,3,,
8937184018,-37.8058529,144.9448907,3,,
8955976388,-37.8226171,144.9519634,3,,
8955976422,-37.8215334,144.9539501,4,,
8955976423,-37.8215625,144.9538529,4,,
8955976442,-37.8204188,144.9576687,4,,
8955976453,-37.8202836,144.9574349,4,,
8955976454,-37.8202387,144.9575823,4,,
8955976455,-37.8204529,144.9575169,4,,
8955976461,-37.8187921,144.959186,3,,
8955976465,-37.8186529,144.9595017,4,,
8955976490,-37.8186012,144.959652,4,,
8955976537,-37.819445,144.9610739,1,crossing,
8956397185,-37.8192777,144.9615181,3,,
8957021700,-37.8224232,144.9499683,4,,
8957021701,-37.8219594,144.9497374,3,,
8957021702,-37.8221186,144.9499006,3,,
8957021710,-37.8223945,144.950115,4,,
8959936632,-37.8200139,144.9546905,3,,
8959936693,-37.808865,144.9522612,3,,
8960001647,-37.8077219,144.9524377,3,,
8960001660,-37.8073459,144.953478,4,,
8960001700,-37.8103315,144.9473467,3,,
8960001701,-37.8096963,144.9467977,4,,
8960001702,-37.8096646,144.9468514,4,,
8960001703,-37.8096007,144.9467053,4,,
8960001704,-37.8095692,144.946756,4,,
8960001707,-37.8091112,144.9461815,4,,
8960001708,-37.8090172,144.9460641,4,,
8960001709,-37.8089782,144.946113,4,,
8960001710,-37.810236,144.9472752,4,,
8960001711,-37.810209,144.9473345,4,,
8976031240,-37.8062136,144.9595626,4,,
8977274903,-37.8061721,144.9550159,3,,
8977295941,-37.8056941,144.9506908,4,,
8977295943,-37.8056121,144.9505813,3,,
8981530842,-37.8225614,144.9672121,1,,
8999014915,-37.8201196,144.9602582,3,,
9002590993,-37.8113585,144.9505224,3,,
9002590994,-37.811322,144.9506497,3,,
9086085383,-37.8161351,144.9527353,3,,
9086085384,-37.816092,144.9528849,4,,
9086085406,-37.8092654,144.9523058,4,,
9086085407,-37.8092171,144.9524679,4,,
9086096441,-37.8056673,144.9536238,4,,
9086096442,-37.8056823,144.95375,4,,
9086096443,-37.805582,144.953764,4,,
9086096444,-37.8055661,144.9536218,4,,
9086096484,-37.805403,144.9521413,4,,
9086096485,-37.805422,144.9522901,4,,
9086096486,-37.8055185,144.95227,4,,
9086096487,-37.8055026,144.9521252,4,,
9086096488,-37.8053541,144.9507982,4,,
9086096489,-37.805337,144.950642,4,,
9086096490,-37.8052424,144.9506568,4,,
9086096491,-37.8052602,144.9508168,4,,
9086096499,-37.8108978,144.947832,4,,
9086096500,-37.810996,144.947893,4,,
9086096503,-37.809257,144.9607912,4,,
9086096504,-37.8092157,144.9609332,4,,
9086096511,-37.8115045,144.9647079,4,,
9086096512,-37.8116084,144.9647555,4,,
9086096516,-37.8148273,144.9689479,4,,
9086096517,-37.8147362,144.9689055,4,,
9086096518,-37.8146924,144.9690555,4,,
9086096519,-37.8147846,144.9690942,4,,
9086096520,-37.8168419,144.9700148,3,crossing,
9105117350,-37.8222701,144.9506163,3,,
9105117352,-37.82256,144.9502226,3,,
9105117353,-37.8225906,144.9500529,3,,
9105117354,-37.8217907,144.9519118,3,,
9105117369,-37.8214825,144.9524314,3,,
9105117375,-37.8223923,144.9517741,3,,
9105117376,-37.8224147,144.9516984,3,,
9105247458,-37.8213411,144.9538587,3,,
9105247472,-37.8219919,144.9539981,3,,
9105247473,-37.8216478,144.9551829,3,,
9105247475,-37.8224979,144.9524046,3,,
9105247476,-37.822565,144.952436,3,,
9105320418,-37.8195348,144.9599852,3,,
9105320422,-37.8199531,144.9614557,3,,
9105320426,-37.8189901,144.9624576,3,,
9105320429,-37.8189416,144.9626157,3,,
9106424963,-37.810931,144.9477483,3,,
9106715294,-37.8152145,144.9749971,3,,
9106715296,-37.8155734,144.9773003,3,,
9107595514,-37.8212399,144.9689373,3,,
9109600421,-37.8232192,144.9765592,3,,
9109600423,-37.822309,144.9751436,3,,
9109600424,-37.8218715,144.9749286,3,,
9141340883,-37.8218052,144.9657525,4,,
9146197564,-37.8194123,144.9570317,4,,
9146197565,-37.8193692,144.9571797,4,,
9146197603,-37.8173936,144.9560988,4,,
9146197604,-37.8173523,144.9562416,4,,
9146197622,-37.8153892,144.9553272,4,,
9146197623,-37.8154294,144.9551873,4,,
9146197650,-37.8134707,144.9543122,4,,
9146197651,-37.8134319,144.9544478,4,,
9146197756,-37.8096408,144.9555305,4,,
9153726400,-37.8234574,144.9673225,4,,
9153726401,-37.8234825,144.967406,4,,
9387575730,-37.8201621,144.9672132,1,crossing,
9512482841,-37.8167833,144.9699944,4,,
9512482852,-37.8182783,144.9649105,3,,
9512482857,-37.817338,144.9673874,3,,
9561515023,-37.8186468,144.9596716,4,,
9561515025,-37.8187023,144.9595241,4,,
9561515027,-37.8192004,144.9610413,3,,
9561515029,-37.8187633,144.9608473,3,,
9561515031,-37.8182859,144.960703,3,,
9561515043,-37.8183143,144.9607157,4,,
9561515044,-37.8183301,144.9605351,3,,
9561515045,-37.8183577,144.9605487,4,,
9561515046,-37.8183541,144.9605057,3,,
9561530846,-37.8120894,144.9508703,4,,
9561530847,-37.8121495,144.9508997,4,,
9708613391,-37.8054542,144.9440342,3,,
9708613397,-37.8076107,144.9432343,3,,
9725730062,-37.8248833,144.963382,3,,
9756035309,-37.8115066,144.965083,3,,
9756035310,-37.81141,144.9650349,3,,
9756035315,-37.8111509,144.965937,3,,
9756035316,-37.8112489,144.9659805,3,,
9756035317,-37.8108208,144.9674507,3,,
9756035318,-37.8107202,144.9674062,3,,
9765780336,-37.8147241,144.953576,3,,
9765780337,-37.8148165,144.9536207,3,,
9765780356,-37.8186457,144.9623041,3,,
9765780357,-37.8186009,144.9624567,3,,
9950383882,-37.8230438,144.9652507,3,,
9950383883,-37.8230936,144.9652295,4,,
9950383889,-37.8235288,144.9675597,3,crossing,
9991984390,-37.8094118,144.97224,3,,
10286800838,-37.8095016,144.9748074,3,,
10302346941,-37.8155607,144.9587475,3,,
10557845091,-37.821908,144.9658158,3,,
10557845092,-37.8218811,144.9658776,3,,
10557845093,-37.8217691,144.9658268,4,,
10561545318,-37.8077123,144.9620285,3,,
10561545329,-37.8076466,144.9619321,3,,
10904440439,-37.8065731,144.9628193,4,,
11135234153,-37.8099139,144.9694959,3,,
11135234154,-37.8098737,144.9696433,3,,
11135234155,-37.8090299,144.9690883,3,,
11135234156,-37.8089901,144.9692371,3,,
11296496408,-37.8093638,144.9615624,1,,
11347834846,-37.8121107,144.9548986,3,,
11982946469,-37.8193999,144.9610515,4,,
12146857333,-37.8147095,144.9617386,3,,
12280427075,-37.8096246,144.9581893,3,,
